{
  "train_years": [
    2022,
    2023,
    2024,
    2025
  ],
  "test_year": 2026,
  "xgboost": {
    "MAE": 0.2504607429851472,
    "RMSE": 0.4358511715791368
  },
  "lightgbm": {
    "MAE": 0.20037956521824488,
    "RMSE": 0.39844504500189876
  }
}