{
  "train_years": [
    2022,
    2023
  ],
  "test_year": 2024,
  "xgboost": {
    "MAE": 0.23234589586937618,
    "RMSE": 0.4925879019403792
  },
  "lightgbm": {
    "MAE": 0.21856458419772284,
    "RMSE": 0.4582253799617884
  }
}