{
  "train_years": [
    2022,
    2023
  ],
  "test_year": 2024,
  "xgboost": {
    "MAE": 0.27113046178142564,
    "RMSE": 0.6803656963336872,
    "MAPE": 0.002927801320829157
  },
  "lightgbm": {
    "MAE": 0.2970979612152946,
    "RMSE": 0.7068609197197198,
    "MAPE": 0.0031883210047300367
  }
}