{
  "roll_laptime_3": 3.0227163462128055,
  "roll_laptime_5": 0.852822067667045,
  "Sector1Time_s": 0.1936873308568187,
  "Sector2Time_s": 0.10835814843523825,
  "SpeedI2": 0.06839042680505118,
  "delta_roll_pace": 0.03612151445198992,
  "Sector3Time_s": 0.03418254421370986,
  "SpeedI1": 0.025990995199435443
}